{"schemaVersion":"1.0","appDefinitionTemplate":{"id":"/providers/Microsoft.PowerApps/apps/","type":"Microsoft.PowerApps/apps","tags":{"primaryDeviceWidth":"640","primaryDeviceHeight":"1136","supportsPortrait":"true","supportsLandscape":"true","primaryFormFactor":"Phone","showStatusBar":"false","publisherVersion":"3.24091.13","minimumRequiredApiVersion":"2.2.0","hasComponent":"false","hasUnlockedComponent":"false","isUnifiedRootApp":"false","sienaVersion":"20240923T101356Z-3.24091.13.0"},"properties":{"appVersion":"2024-09-23T10:13:56Z","lifeCycleId":"Published","createdByClientVersion":{"major":3,"minor":24091,"build":13,"revision":0,"majorRevision":0,"minorRevision":0},"minClientVersion":{"major":3,"minor":24091,"build":13,"revision":0,"majorRevision":0,"minorRevision":0},"backgroundColor":"RGBA(0,176,240,1)","backgroundImageUri":"/6096786607816345267/Nf68266e1-46a0-427d-9787-50d06576db0b-logoSmallFile","displayName":"App de menu de navegacion","description":"","commitMessage":"","appUris":{"documentUri":{"value":"/6096786607816345267/N74d30f09-8712-42af-8193-199d5f0e78dd-document.msapp"},"imageUris":[],"additionalUris":[{"isSolutionAware":false,"value":"/6096786607816345267/N20c4e5e0-b2b0-4f4f-b408-fae130b0cf2f-identity.json"}]},"createdTime":"0001-01-01T00:00:00Z","lastModifiedTime":"0001-01-01T00:00:00Z","sharedGroupsCount":0,"sharedUsersCount":0,"connectionReferences":{},"databaseReferences":{"default.cds":{"databaseDetails":{"referenceType":"NotSpecified","environmentName":"default.cds","overrideValues":{"status":"NotSpecified","environmentVariableName":""}},"dataSources":{"Navegacion":{"entitySetName":"cr6d4_navegacions","logicalName":"cr6d4_navegacion","isHidden":false}},"actions":["providers/PowerPlatform.Governance/Operations/Read","providers/PowerPlatform.Governance/Operations/Write","providers/PowerPlatform.Governance/Operations/Delete"]}},"almMode":"Environment","performanceOptimizationEnabled":false,"canConsumeAppPass":false,"enableModernRuntimeMode":false,"executionRestrictions":{"isTeamsOnly":false,"dataLossPreventionEvaluationResult":{"status":"Compliant","lastEvaluationDate":"2024-09-23T10:13:59.1113768Z","violations":[],"violationsByPolicy":[],"violationErrorMessage":"La aplicación usa los siguientes conectores: shared_commondataservice."}}},"appType":"ClassicCanvasApp","appComponents":[]}}