{"schemaVersion":"1.0","appDefinitionTemplate":{"id":"/providers/Microsoft.PowerApps/apps/","type":"Microsoft.PowerApps/apps","tags":{"primaryDeviceWidth":"640","primaryDeviceHeight":"1136","supportsPortrait":"true","supportsLandscape":"true","primaryFormFactor":"Phone","showStatusBar":"false","publisherVersion":"3.25011.8","minimumRequiredApiVersion":"2.2.0","hasComponent":"false","hasUnlockedComponent":"false","isUnifiedRootApp":"false","sienaVersion":"20250117T091810Z-3.25011.8.0","coauthoringEnabled":"true","multipleWritersEnabled":"true","acceptedCoauthoringTerms":"true"},"properties":{"appVersion":"2025-01-17T09:18:10Z","lifeCycleId":"Published","createdByClientVersion":{"major":3,"minor":25011,"build":8,"revision":0,"majorRevision":0,"minorRevision":0},"minClientVersion":{"major":3,"minor":25011,"build":8,"revision":0,"majorRevision":0,"minorRevision":0},"backgroundColor":"rgba(203, 102, 102, 1)","backgroundImageUri":"/4473344474029111334/N3aa3086e-c0ac-4671-84ef-90825b1ce305-logoSmallFile","displayName":"CRM V1","description":"Version 1.5","commitMessage":"","appUris":{"documentUri":{"value":"/4473344474029111334/N0e8d3182-4c5f-4a4c-a0f6-5af49aa12f70-document.msapp"},"imageUris":[],"additionalUris":[{"isSolutionAware":false,"value":"/4473344474029111334/Na18f9063-774d-4d7e-8071-0d34ebf45cbe-identity.json"}]},"createdTime":"0001-01-01T00:00:00Z","lastModifiedTime":"0001-01-01T00:00:00Z","sharedGroupsCount":0,"sharedUsersCount":0,"connectionReferences":{"bd357658-d40d-46a3-89fb-5aae1cc81611":{"id":"7283dda0-686a-4837-85f5-4293a898c083","displayName":"Usuarios de Office 365","iconUri":"https://connectoricons-prod.azureedge.net/releases/v1.0.1718/1.0.1718.3951/office365users/icon.png","dataSources":["UsuariosdeOffice365"],"dependencies":[],"dependents":[],"parameterHints":{},"parameterHintsV2":{},"isOnPremiseConnection":false,"bypassConsent":false,"dataSets":{},"apiTier":"Standard","isCustomApiConnection":false,"actions":["MyProfile_V2","MyProfile","SearchUser"]},"c73d4281-e508-4f38-bc88-6c6e99794c5d":{"id":"7f26f7b9-9782-4db8-8276-e408b703e16e","displayName":"Office 365 Outlook","iconUri":"https://connectoricons-prod.azureedge.net/releases/v1.0.1722/1.0.1722.3975/office365/icon.png","dataSources":["Office365Outlook"],"dependencies":[],"dependents":[],"parameterHints":{},"parameterHintsV2":{},"isOnPremiseConnection":false,"bypassConsent":false,"dataSets":{},"apiTier":"Standard","isCustomApiConnection":false}},"databaseReferences":{"default.cds":{"databaseDetails":{"referenceType":"Environmental","environmentName":"default.cds","overrideValues":{"status":"NotSpecified","environmentVariableName":""}},"dataSources":{"Clientes_V1":{"entitySetName":"cr6d4_clientesv1s","logicalName":"cr6d4_clientesv1","isHidden":false},"Actividades_V1":{"entitySetName":"cr6d4_actividades_v1s","logicalName":"cr6d4_actividades_v1","isHidden":false},"Contactos_V1":{"entitySetName":"cr6d4_contactos_v1s","logicalName":"cr6d4_contactos_v1","isHidden":false},"Oportunidades_V1":{"entitySetName":"cr6d4_oportunidades_v1s","logicalName":"cr6d4_oportunidades_v1","isHidden":false},"Navegacion":{"entitySetName":"cr6d4_navegacions","logicalName":"cr6d4_navegacion","isHidden":false},"Usuarios":{"entitySetName":"systemusers","logicalName":"systemuser","isHidden":false},"Usuarios_V1":{"entitySetName":"cr6d4_usuarioses","logicalName":"cr6d4_usuarios","isHidden":false},"Tipos de actividad":{"entitySetName":"cr6d4_tiposdeactividads","logicalName":"cr6d4_tiposdeactividad","isHidden":false},"Tipos de oportunidad":{"entitySetName":"cr6d4_tiposdeoportunidads","logicalName":"cr6d4_tiposdeoportunidad","isHidden":false}},"actions":["providers/PowerPlatform.Governance/Operations/Read","providers/PowerPlatform.Governance/Operations/Write","providers/PowerPlatform.Governance/Operations/Delete"]}},"almMode":"Solution","performanceOptimizationEnabled":false,"canConsumeAppPass":false,"enableModernRuntimeMode":false,"executionRestrictions":{"isTeamsOnly":false,"dataLossPreventionEvaluationResult":{"status":"Compliant","lastEvaluationDate":"2024-09-20T10:48:46.9052792Z","violations":[],"violationsByPolicy":[],"violationErrorMessage":"La aplicación usa los siguientes conectores: shared_office365users, shared_commondataservice."}}},"isAppComponentLibrary":false,"appType":"ClassicCanvasApp","appComponents":[]}}